
 [
  {
    "Date": "25/09/2017",
    "InTime": "09:23:00",
    "OutTime": "18:28:00",
    "Status": "Present",
    "WorkingHour": "9.05"
  },
  {
    "Date": "24/09/2017",
    "InTime": "09:23:00",
    "OutTime": "18:28:00",
    "Status": "Present",
    "WorkingHour": "9.05"
  },
  {
    "Date": "23/09/2017",
    "InTime": "09:23:00",
    "OutTime": "18:28:00",
    "Status": "Present",
    "WorkingHour": "9.05"
  },
  {
    "Date": "22/09/2017",
    "InTime": "09:23:00",
    "OutTime": "18:28:00",
    "Status": "Present",
    "WorkingHour": "9.05"
  },
  {
    "Date": "21/09/2017",
    "InTime": "09:23:00",
    "OutTime": "18:28:00",
    "Status": "Present",
    "WorkingHour": "9.05"
  },
  {
    "Date": "20/09/2017",
    "InTime": "09:23:00",
    "OutTime": "17:28:00",
    "Status": "Early Departure",
    "WorkingHour": "8.05"
  },
  {
    "Date": "19/09/2017",
    "InTime": "09:23:00",
    "OutTime": "17:28:00",
    "Status": "Early Departure",
    "WorkingHour": "8.05"
  },
  {
    "Date": "18/09/2017",
    "InTime": "09:23:00",
    "OutTime": "17:28:00",
    "Status": "Early Departure",
    "WorkingHour": "8.05"
  },
  {
    "Date": "17/09/2017",
    "InTime": "09:23:00",
    "OutTime": "17:28:00",
    "Status": "Early Departure",
    "WorkingHour": "8.05"
  },
  {
    "Date": "16/09/2017",
    "InTime": "09:23:00",
    "OutTime": "17:28:00",
    "Status": "Early Departure",
    "WorkingHour": "8.05"
  },

  {
    "Date": "15/09/2017",
    "InTime": "09:23:00",
    "OutTime": "18:30:00",
    "Status": "Present",
    "WorkingHour": "9.08"
  },
  {
    "Date": "14/09/2017",
    "InTime": "09:23:00",
    "OutTime": "18:30:00",
    "Status": "Present",
    "WorkingHour": "9.08"
  },
  {
    "Date": "13/09/2017",
    "InTime": "09:23:00",
    "OutTime": "19:30:00",
    "Status": "Present",
    "WorkingHour": "10.08"
  },
  {
    "Date": "12/09/2017",
    "InTime": "09:23:00",
    "OutTime": "19:30:00",
    "Status": "Present",
    "WorkingHour": "10.08"
  },
  {
    "Date": "11/09/2017",
    "InTime": "09:23:00",
    "Status": "Present",
    "OutTime": "19:30:00",
    "WorkingHour": "10.08"
  },
  {
    "Date": "10/09/2017",
    "InTime": "09:23:00",
    "OutTime": "19:30:00",
    "Status": "Present",
    "WorkingHour": "10.08"
  },
  {
    "Date": "09/09/2017",
    "InTime": "09:23:00",
    "OutTime": "19:30:00",
    "Status": "Present",
    "WorkingHour": "10.08"
  },
  {
    "Date": "08/09/2017",
    "InTime": "09:23:00",
    "OutTime": "20:30:00",
    "Status": "Present",
    "WorkingHour": "11.08"
  },
  {
    "Date": "07/09/2017",
    "InTime": "09:23:00",
    "OutTime": "20:30:00",
    "Status": "Present",
    "WorkingHour": "11.08"
  },
  {
    "Date": "06/09/2017",
    "InTime": "09:23:00",

    "Status": "Early Departure",
    "OutTime": "14:30:00",
    "WorkingHour": "5.07"
  },
  {
    "Date": "05/09/2017",
    "InTime": "08:23:00",
    "OutTime": "15:30:00",
    "Status": "Early Departure",
    "WorkingHour": "5.07"
  },
  {
    "Date": "04/09/2017",
    "InTime": "10:23:00",
    "OutTime": "15:30:00",
    "Status": "Late Arrival",
    "WorkingHour": "5.07"
  }
              
   ]