[
  {
    "Leaves": [
      {
        "id": "1",
        "type": "EL",
        "name": "Earned Leave",
        "openingBalance": "45.00",
        "closingBalance": "42",
        "Availed": "3",
        "LeaveDetails": [
          {
            "id": "475164",
            "LeaveCode": "EL",
            "FromDate": "08/01/2018",
            "ToDate": "08/01/2018",
            "Quantity": "1"
          },
          {
            "id": "475164",
            "LeaveCode": "EL",
            "FromDate": "08/01/2018",
            "ToDate": "08/01/2018",
            "Quantity": "1"
          },
          {
            "id": "475164",
            "LeaveCode": "EL",
            "FromDate": "08/01/2018",
            "ToDate": "08/01/2018",
            "Quantity": "1"
          },
          {
            "id": "475164",
            "LeaveCode": "EL",
            "FromDate": "08/01/2018",
            "ToDate": "08/01/2018",
            "Quantity": "1"
          },
          {
            "id": "475164",
            "LeaveCode": "EL",
            "FromDate": "08/01/2018",
            "ToDate": "08/01/2018",
            "Quantity": "1"
          },
          {
            "id": "475164",
            "LeaveCode": "EL",
            "FromDate": "08/01/2018",
            "ToDate": "08/01/2018",
            "Quantity": "1"
          }

        ]
      },
      {
        "id": "2",
        "type": "CL",
        "name": "Casual Leave",
        "openingBalance": "6",
        "closingBalance": "0",
        "Availed": "3",
        "LeaveDetails": [
          {
            "id": "475164",
            "LeaveCode": "CL",
            "FromDate": "08/01/2018",
            "ToDate": "08/01/2018",
            "Quantity": "1"
          },
          {
            "id": "475164",
            "LeaveCode": "CL",
            "FromDate": "08/01/2018",
            "ToDate": "08/01/2018",
            "Quantity": "1"
          },
          {
            "id": "475164",
            "LeaveCode": "CL",
            "FromDate": "08/01/2018",
            "ToDate": "08/01/2018",
            "Quantity": "1"
          },
          {
            "id": "475164",
            "LeaveCode": "CL",
            "FromDate": "08/01/2018",
            "ToDate": "08/01/2018",
            "Quantity": "1"
          },
          {
            "id": "475164",
            "LeaveCode": "CL",
            "FromDate": "08/01/2018",
            "ToDate": "08/01/2018",
            "Quantity": "1"
          },
          {
            "id": "475164",
            "LeaveCode": "CL",
            "FromDate": "08/01/2018",
            "ToDate": "08/01/2018",
            "Quantity": "1"
          }

        ]
      },
      {
        "id": "3",
        "type": "SL",
        "name": "Sick Leave",
        "openingBalance": "12",
        "closingBalance": "8",
        "Availed": "3",
        "LeaveDetails": [
          {
            "id": "475164",
            "LeaveCode": "SL",
            "FromDate": "08/01/2018",
            "ToDate": "08/01/2018",
            "Quantity": "1"
          },
          {
            "id": "475164",
            "LeaveCode": "SL",
            "FromDate": "08/01/2018",
            "ToDate": "08/01/2018",
            "Quantity": "1"
          },
          {
            "id": "475164",
            "LeaveCode": "SL",
            "FromDate": "08/01/2018",
            "ToDate": "08/01/2018",
            "Quantity": "1"
          },
          {
            "id": "475164",
            "LeaveCode": "SL",
            "FromDate": "08/01/2018",
            "ToDate": "08/01/2018",
            "Quantity": "1"
          },
          {
            "id": "475164",
            "LeaveCode": "SL",
            "FromDate": "08/01/2018",
            "ToDate": "08/01/2018",
            "Quantity": "1"
          },
          {
            "id": "475164",
            "LeaveCode": "SL",
            "FromDate": "08/01/2018",
            "ToDate": "08/01/2018",
            "Quantity": "1"
          }

        ]
      },
      {
        "id": "4",
        "type": "LWP",
        "name": "Loss Of Pay",
        "openingBalance": "0",
        "closingBalance": "0",
        "Availed": "0",
        "LeaveDetails": [
          {
            "id": "475164",
            "LeaveCode": "LWP",
            "FromDate": "08/01/2018",
            "ToDate": "08/01/2018",
            "Quantity": "0"
          },
          {
            "id": "475164",
            "LeaveCode": "LWP",
            "FromDate": "08/01/2018",
            "ToDate": "08/01/2018",
            "Quantity": "0"
          },
          {
            "id": "475164",
            "LeaveCode": "LWP",
            "FromDate": "08/01/2018",
            "ToDate": "08/01/2018",
            "Quantity": "0"
          },
          {
            "id": "475164",
            "LeaveCode": "LWP",
            "FromDate": "08/01/2018",
            "ToDate": "08/01/2018",
            "Quantity": "0"
          },
          {
            "id": "475164",
            "LeaveCode": "LWP",
            "FromDate": "08/01/2018",
            "ToDate": "08/01/2018",
            "Quantity": "0"
          },
          {
            "id": "475164",
            "LeaveCode": "LWP",
            "FromDate": "08/01/2018",
            "ToDate": "08/01/2018",
            "Quantity": "0"
          }

        ]
      }

    ]
  }
]